На Водохреща «Черкасиводоканал» безкоштовно розливає свячену воду;В день святкування Водохреща «Черкасиводоканал» провів церемонію освячення води. Черкащани зможуть безкоштовно набрати свяченої води. Про це повідомляє   «Черкасиводоканал». «Слухаючи молитву, працівники підприємства молилися про здоров’я і добробут свої рідних та близьких. Ми віримо, що «заряджена» водичка має цілющі властивості і тому із задоволенням щороку пригощаємо мешканців міста «живою» водою», – повідомили в пресслужбі водоканалу. Набрати свяченої води в день Водохреща можна біля КП «Черкасиводоканал» орієнтовно з 10:00 до 14:00 години. Як повідомляла vikka.ua, Водохреще 2022: ;Черкасиводоканал#черкаські новини#новини черкаси#новости Черкассы#водоканал#свячена вода черкаси;https://www.vikka.ua/novini/na-vodoxreshha-cherkasivodokanal-bezkoshtovno-rozlivaye-svyachenu-vodu/
«Підрядник Тулуба» на Черкащині відремонтує дорогу за 30 млн;ТОВ «Черкасиміськбуд» стало переможцем тендеру на проведення капітального ремонту ділянки місцевої дороги в Золотоніському районі між селами Старий Коврай та Лящівка.  Ремонтуватимуть ділянку дороги в 5 км. Державному бюджету цей «апгрейд» обійдеться у майже 30 млн. грн. Під час ремонту замінять аварійне асфальтне покриття, облаштують узбіччя, встановлять дорожні знаки і нанесуть розмітку. Вартість ремонту 1 км дороги – 6 млн. грн. Переможцем торгів стало ТОВ «Черкасиміськбуд», яке належить відомому черкаському підприємцю Анатолію Бурському. Останнім часом підприємства із його орбіта ставали переможцями у тендерах на ремонт доріг, оголошених Службою місцевих автодоріг в Черкаській області. Так, «Черкасиміськбуд» ремонтуватиме дорогу  , місцеву автотрасу   Нині в «копілці» Бурського вже три тендери на загальну суму 172 млн. грн. Анатолія Бурського деякі черкаські ЗМІ називали «улюбленим підрядником» губернатора регіонала Тулуба. Адже саме за його правління найбільшу кількість тендерів вигравали підприємства, афільовані із Бурським. Як повідомляв сайт vikka.ua,     ;ремонт дороги#Чорнобай#новини Золотоноші#Бурський#Лящівка#Служба місцевих доріг;https://www.vikka.ua/novini/pidryadnik-tuluba-na-cherkashhini-vidremontuye-dorogu-za-30-mln/
19 січня: історичний дайджест, іменинники і прикмети;"Хрещення Господнє (Йордана, Водохреща, Богоявлення) День консервної банки Національний день попкорну в США 1419 – у ході Сторічної війни між Англією та Францією англійський король Генріх V оточив французьке місто Руан, що підсумувало завоювання Нормандії. 1655 – в Охматівській битві українські козаки розбили військо Речі Посполитої. 1825 – Езра Деггетт і його племінник Томас Кенсетт із Нью-Йорка запатентували спосіб консервування в бляшаних банках лосося, устриць і омарів. 1903 – оголошено проведення першої велогонки «Тур де Франс» – найпрестижнішого і найпопулярнішого спортивного велозмагання наших днів. 1906 – побачив світ перший номер першого українського сатиричного журналу «Шершень». 1907 – в журналі «Вар’єте» з’явилися перші рецензії на кінофільми. 1915 – француз Георг Клод отримав патент на неонову трубку, яку використовували для зовнішньої реклами. 1915 – німецькі дирижаблі здійснили перший бойовий наліт на Англію. 1920 – Сенат Сполучених Штатів проголосував проти вступу до Ліги Націй. 1925 – в Національній академії наук України постановили організувати Медичний відділ. 1938 – американська фірма «General Motors» перша у світі почала серійне виробництво дизельних двигунів. 1942 – Друга світова війна: японські сили вторглися в Бірму. 1945 – радянські війська взяли Лодзь та Краків. 1946 – створено Союз українців у Великій Британії. 1946 – створено Міжнародний військовий трибунал для Далекого Сходу. 1955 – президент США Ейзенхауер дозволив уперше показати по телебаченню (а також у кіножурналах новин) відзняту прес-конференцію. 33-хвилинна зустріч була скорочена до 28 з половиною хвилин, щоб задовольнити вимоги телевізійників. 1962 – СРСР звинуватив Ізраїль у використанні синагог для шпигунської діяльності. 1963 – «Бітлз» уперше з’явилися на британському телебаченні в передачі «Thank You Lucky Stars». Вони виконали пісню «Please Please Me». 1966 – Індіра Ганді стала третім прем’єр-міністром Індії. 1978 – у Німеччині випущено останній автомобіль «Фольксваген Жук» (продовжував випускатися в Мексиці до 2003). 1981 – Алжирські угоди вирішили кризу з американськими заручниками, захопленими 1979 року при штурмі посольства США в Тегерані. 1990 – після вірменських погромів у Баку й загибелі кількох десятків вірмен Верховна Рада СРСР ухвалила рішення про введення в столиці Азербайджану надзвичайного стану. 1992 – 99% учасників референдуму в Південній Осетії проголосували за відокремлення від Грузії. 1992 – у Києві почалася кампанія складення повторної присяги воїнами запасу на вірність Україні. 1993 – Ізраїль погодився вважати Організацію визволення Палестини легальною некримінальною організацією. 1995 – російські війська захопили президентську резиденцію Джохара Дудаєва в Грозному і вивісили над нею російський прапор. 2001 – Білл Клінтон скасував введені в 1999 році економічні санкції проти Югославії, після чого звернувся до американського народу з короткою прощальною промовою. 2001 – Юлія Тимошенко звільнена з посади віце-прем’єр-міністра України у зв’язку з притягненням її до кримінальної відповідальності. 2001 – у Бельгії дозволено вживання і зберігання марихуани. 2014 – у Києві на вулиці Грушевського розпочалось збройне повстання проти диктаторського режиму Януковича (Вогнехреща). 2017 – в Україні офіційно з’явилося Суспільне мовлення: зареєстрована Національна суспільна телерадіокомпанія України.   1200 – Доґен, японський буддистський монах і філософ, послідовник вчення дзен, засновник секти Сото-сю. 1670 – Бернард де Мандевіль англійський філософ, економіст, сатирик. 1723 – Дай Чжень, китайський філософ-неоконфуціанець, вчений. 1736 – Джеймс Ватт, шотландський винахідник, який створив паровий двигун. 1747 – Йоганн Елерт Боде, німецький астроном. 1756 – Гійом Антуан Олів’є, французький натураліст, ботанік та ентомолог. 1807 – Роберт Едвард Лі, американський військовий діяч, головнокомандувач Конфедеративної армії. 1809 – Едгар Аллан По, американський поет, прозаїк, критик, творець жанру «новели жаху», («Золотий жук», «Маска червоної смерті», «Чорний кіт»). 1839 – Поль Сезанн, французький художник-імпресіоніст («Сучасна Олімпія», «Долина»). 1887 – Іван Максимович Єремеєв, вчений-селекціонер, професор, колишній викладач Уманського аграрного університету. Похований в м. Умань. 1889 – Софі Тойбер-Арп, швейцарська художниця, дизайнер, скульптор та танцівниця. Працювала у таких напрямках як дадаїзм та абстракціонізм. Дружина художника і скульптора Ганса Арпа. 1891 – Омелян Сеник, український державник, військовий та політичний діяч, 9-й крайовий Командант УВО. 1894 – Марк Степанович Терещенко, актор і режисер, заслужений артист України, уродженець с. Ковалиха Смілянського району. 1898 – Густав Майрінк, австрійський письменник-експресіоніст, драматург, перекладач, банкір. Найбільш відомий за романом «Ґолем». 1909 – Іван Клим, повітовий провідник ОУН Долинщини, член Крайового Проводу ОУН Осередніх і Східних Земель. 1912 – Ярослав Стецько, український політичний та військовий діяч, активний діяч ОУН. в’язень німецьких концтаборів. Керівник Антибільшовицького блоку народів, голова Проводу ОУН-Б. 1921 – Патриція Гайсміт, американська письменниця (пенталогія про Тома Ріплі, «Незнайомці в потягу», «Ціна солі»). 1927 – Кардаш Петро, кінопостановник, видавець і громадський діяч української еміграції в Австралії; активіст ОУН. 1932 – Річард Лестер, американо-англійський кінорежисер («Три мушкетери», «Супермен» та два перших фільми за участю «Бітлз»). 1943 – Дженіс Джоплін, визнана королева блюзу й рок-н-ролу. 1945 – Род Еванс, англійський рок-співак, співзасновник гурту «Deep Purple». 1946 – Джуліан Барнс, англійський письменник, автор добутків «Метроленд», «Як усе було», «Англія, Англія» 1947 – Лєшек Бальцерович, польський економіст і політик, організатор та натхненник польських економічних реформ. 1958 – Іван Іванович Сухий, заслужений працівник культури України, художній керівник Жашківського зразкового дитячого ансамблю гармоністів. 1966 – Стефан Едберг, шведський тенісист, шестиразовий переможець турнірів Великого шолома. 1969 – Предраг Міятович, югославський футболіст чорногорського походження, зараз – спортивний директор мадридського «Реала». 1972 – Сергій Міхалок, лідер білоруської групи «Ляпіс Трубецькой». 1980 – Дженсон Баттон, англійський автогонщик, пілот Формули-1.   1576 – Ганс Сакс, німецький поет, мейстерзінгер, драматург. 1833 – Герольд Фердінан (Луї-Жозеф-Фердінан Герольд), французький композитор, автор музики до балету «Марна обережність». Батько Герольда Фердинана (політика), дід письменника і поета-символіста Герольда Андре-Фердинана (Еро). 1871 – Анрі Реньо, французький художник, син французького хіміка і фізика Анрі Віктора Реньо. 1883 – Гійом (Віллем) Гефс, бельгійський скульптор; брат скульпторів Йозефа Гефса і Алоїзія Гефса, чоловік художниці Фанні Корр (Фанні Гефс). 1906 – Бартоломе Мітре, аргентинський політик. 1939 – Михайло Драй-Хмара, український поет, літературознавець, жертва сталінського терору. 1959 – Олександр Носалевич, український оперний співак (бас-баритон), соліст оперних театрів Львові, Відня, Вісбадена та інших європейських міст, популяризатор українських пісень, спонсор музичних і театральних гуртків Галичини. 1969 – Володимир Дукельський (Вернон Дюк), український та американський композитор, поет і літератор. Закінчив Київську консерваторію, де вчився у Б. Яворського і Р. Глієра. 2000 – Геді Ламар, австрійсько-американська акторка та винахідниця. 2008 – Тревор Тейлор, співак, музикант, музичний продюсер, автор пісень, один з лід-вокалістів гурту «Bad Boys Blue». 2013 – Тайхо Кокі, японський сумоїст українського походження, 48-й йокодзуна, прозваний «великим йокодзуною XX століття» 2019 – Омелян Коваль, український громадський діяч, член проводу Організації Українських Націоналістів), політв’язень Аушвіцу. Роман, Андрій, Лідія, Домінікія, Лаврентій, Марта, Іван, Михей, Марія, Опанас, Василь. – Ясна і холодна погода в цей день віщувала посушливе літо. – Якщо погода похмура і сніжна – буде багатий урожай. – Ранковий туман – до багатого врожаю хліба. – Якщо в цей день вдарили морози і потім стоять ще цілий тиждень – буде відлига. Конфуцій";день в історії#прикмети#хто народився#іменинники#хто помер#яке сьогодні свято#цитата#19 січня;https://www.vikka.ua/novini/19-sichnya-istorichnij-dajdzhest-imeninniki-i-prikmeti/
В Умані горіла автівка в гаражі;Горіла автівка в гаражі 19 січня близько першої години ночі в Умані. Про це інформує   Управління ДСНС України у Черкаській області. На місце події прибули рятувальники 14-ї Державної пожежно-рятувальної частини. Вони ліквідували пожежу. Завдяки оперативним діям бійців ДСНС вдалося запобігти знищенню вогнем автомобіля “Mitsubishi”, що знаходився всередині гаражу. За попередніми даними, причиною пожежі стало порушення правил пожежної безпеки при експлуатації печей. Як повідомляла vikka.ua, ;рятувальники#новини Черкащини#події Черкас#умань новини#горіла автівка;https://www.vikka.ua/novini/v-umani-gorila-avtivka-v-garazhi/
В одному з мікрорайонів Черкас сьогодні не буде світла;Про планові відключення електропостачання у Черкасах повідомляє «Нова Якість» з посиланням на ПАТ «Черкасиобленерго» Черкаська міська філія. Планові відключення електропостачання на 19.01.2022 р. до 17.00 години за адресою: Дахнівська 30, 32, 36, 38а 2 Українського фронту 1, 2/1, 2, 3, 4/1, 4, 5, 7, 8/1, 8, 9, 9/1, 10/2, 10, 11, 11/1, 12, 13, 15, 16, 17А, 18, 19, 21, 22/1, 22, 24, 26, 27, 28, 29, 31, 32-34, 32, 33, 35, 36, 36/2, 37, 38, 39, 40, 41/1, 41, 43, 44, 44/1, 45, 46/1, 46, 47, 48, 49, 50/1, 50/2, 50, 51, 52, 53, 55, 57, 59, 61, 63, 65, 67/1, 67, 69/1, 69, 71, 73, 75, 76, 77/1, 77, 79, 81, 83, 85-87, 87, 89, 91, 93, 95, 97, 99, 101, 105, 105/1, 107, 109, 111, 115, 117, 119, 153 І. Бойка 3, 3/1, 4, 5, 6, 7, 8, 9, 10, 11, 12, 14, 14/1, 16, 17, 18, 19, 19/1, 20, 21, 22, 23, 25, 27, 29, 31, 33, 35, 37/1, 37, 39, 41, 43, 45, 47, 49, 51, 53, 55, 55а, 57/1, 57 Берегова Братів Савченків 1, 1/1, 2, 3, 4, 5/2, 5, 7 Василицька 13 С. Волкова 25 Глібова 1/2, 1, 3, 3/1, 6, 7, 8, 9, 10, 11, 12, 13, 14, 16, 18, 19  Горіхова 1, 2, 3/1, 3, 4, 5, 6, 7, 8/1, 8, 10, 11, 12, 13/1, 13, 14/2, 14, 14/1, 15, 16/1, 17, 18, 19, 20, 20/2, 21, 22, 23, 24, 25, 26, 27, 28, 29/1, 29, 30, 30/1, 31, 32/1, 32, 33, 34, 35, 36, 37, 38, 39, 40, 41, 42, 43, 43/1, 44, 45, 46, 46/1, 47, 48, 49, 50, 51, 52, 53, 54, 55, 56, 57, 58/1, 58, 59, 63, 63/1, 65, 67, 69, 71, 73, 75 Дахнівська Січ 1а Зарічна 3, 5, 9, 11, 13, 13/1, 15 Затишна 1, 2, 3, 4, 5, 6, 7, 8, 9, 10, 11, 12, 13, 14, 15, 16, 17, 18, 18/1, 19, 20, 21, 21/1, 22, 22/1, 23, 24, 25/1, 25, 26, 27, 28/1, 28, 29, 30, 31 Землевпорядна 17, 19, 40 Зоряна 4 Калинова 5, 6, 7, 8, 9, 10, 11, 12 Канівська 1, 3, 5, 7, 7/1 Карбишева 2/1, 3, 5А, 5, 8 Р. Кириченко 1, 3, 3/2, 4, 5, 7 Г. Коротєєва 1, 2, 3, 5, 6, 7, 8, 9, 10/1, 10, 11А, 11/1, 11, 13, 14, 15, 17, 18/1, 18, 19, 20/1, 20, 21, 23, 24, 25, 26, 27, 28, 28/2, 29/1, 29, 30, 31, 32, 34, 35/1, 35, 37 Лісова 1 Мальовнича 1, 2/1, 3, 4, 5, 6, 6/1, 7, 8, 9, 11, 12, 13, 14, 15, 17, 19, 20, 22 Набережна 1А, 1, 2А, 2, 3, 4, 5, 7, 9, 10, 11, 12, 13, 14, 15, 16, 18, 21, 22, 23, 24/1, 24, 26, 28, 30, 32, 34, 36, 40, 42, 42-44, 46, 48/1, 48, 52, 54, 56, 58, 60, 60/1, 62, 64/1, 64, 66, 68, 70, 72/1, 72, 74, 74А, 76/1, 76, 78, 80, 80/1, 80/2, 82, 82/1, 83/2, 84, 84/1, 86, 88/2, 88, 90, 92, 96, 98/1, 98, 100, 102, 104, 106, 108, 110, 112, 112/1, 114/1, 114, 116/3, 116, 118, 146, 148, 150, 152 Поліська 1А, 3, 5, 7, 9, 11, 13, 15, 17, 19 І. Піддубного 2, 3/1, 3, 4, 4/1, 5, 6/2, 6, 6/1, 7, 8, 9/2, 10, 12, 16 Г. Рибалко 1, 2, 3, 4, 6/1, 6, 9, 11, 12, 13/1, 13, 14, 15, 16, 17, 18, 19, 20, 21, 22, 23, 24, 25, 26, 27/1, 27/2, 27, 28, 29, 29/1, 30, 31, 32, 33, 34, 35, 35а, 36, 37, 38/1, 38, 42 Свидівоцька 2, 3, 4, 6, 7, 8, 9, 10, 11, 12, 12/1, 13, 14а, 14, 15/1, 15, 16/1, 16, 16/2, 17, 18, 19, 20 Сержанта Волкова 1, 1/3, 5, 5/1, 7, 9, 11, 13, 15, 17, 21, 23/1, 23, 25, 37, 56, 58, 60, 62, 64, 66, 68, 153, 155/1, 155, 157, 159/1, 159, 161 Сонячна 5, 7, 9, 11, 16/2, 16/1, 20 Ярмаркова 2, 2/1, 3, 4, 5, 6, 6/1, 7, 9, 11, 13, 15, 17 пров. Бабанського 2 пров. Гайдамацький 3, 4, 5, 6, 7, 8, 10, 11, 12, 15/1, 15, 17 пров. Спортивний 4, 6, 7, 8, 9, 10/1, 10, 11, 12, 13, 14, 15, 16, 16/1, 17, 18, 20 пров. Тихий 2/1, 6, 8, 10 Як повідомляла раніше vikka.ua, ;електропостачання#Дахнівка#черкаські новини#новини черкаси#відключення#світло;https://www.vikka.ua/novini/v-odnomu-z-mikrorajoniv-cherkas-sogodni-ne-bude-svitla/
У Черкасах підвищать стипендії членам сім’ї загиблих воїнів;  Читайте також: ;гроші#збільшення виплат#стипендії#воїни#документи;https://www.vikka.ua/novini/u-cherkasax-pidvishhat-stipendiyi-chlenam-simyi-zagiblix-voyiniv/
Що додати у філе, щоб воно було соковитим та смачним;Кулінар Анатолій Добровольський поділився секретами приготування курячого філе, завдяки чому воно буде соковитим, ніжним та м’яким. Про це йдеться на   OBOZREVATEL. Куряче філе – відмінний дієтичний, корисний продукт, з якого можна приготувати багато смачних страв, наприклад, відбивні, тефтелі, котлети, а також додавати в салати. Часто саме із цього продукту готують їжу дітям. Шеф-кухар радить готувати це м’ясо на вугіллі, а перед цим добре його посолити, поперчити й додати спеції та соус, відставити м’ясо на 1 годину маринуватися.   Перед подачею ще можна присипати зеленою подрібненою цибулею. Як повідомляла vikka.ua, ;рецепти#рецепти куряче філе#рецепти з курятини#рецепти м'ясо;https://www.vikka.ua/novini/shho-dodati-u-file-shhob-vono-bulo-sokovitim-ta-smachnim/
На підприємстві екснардепа з Черкащини загинули працівники;Двоє працівників загинули на підприємстві ТОВ АПК «МАІС» у селі Боровиця, Черкаського району. Їхні тіла виявили в морозильній камері. Підприємство займається вирощуванням зернових культур.  За інформацією роботодавця, електрика та охоронника підприємства виявили у холодильній камері без ознак життя. За словами речниці Поліції в Черкаській області Зої Вовк, повідомлення до поліції надійшло ще 16 січня близько 16 години. Двох працівників виявили в безкисневій камері, де зберігалися фрукти. «Маючи доступ до цих кімнат, вони зайшли до приміщення, щоб взяти яблук. Безкиснева камера наповнюється азотом, який, як відомо, під час дихання він не відчувається, але є отруйним для організму. Вже мертвими їх виявив механік. Наразі порушене кримінальне провадження. Проводиться перевірка», – зазначила Зоя Вовк. ТОВ АПК «МАІС» належить екс-депутату Верховної Ради України Сергію Терещуку. Він двічі був депутатом Верховної Ради, депутатом обласної ради, заступником голови Черкаської ОДА з питань АПК.;новини Черкас#новини Черкащини#трагічний випадок#загинули працівники#МАІС#Терещук#Аграрна партія;https://www.vikka.ua/novini/na-pidpriyemstvi-eksnardepa-z-cherkashhini-zaginuli-pracivniki/
Як бути ефективним на дистанційному навчанні – лайфхаки від черкаських експертів;Дистанційне навчання – однаково непростий виклик як для дітей, так і для вчителів та батьків. Як бути ефективним та добре сприймати інформацію навіть крізь екран? Про це кореспондентка сайту ВІККА розпитала у черкаських педагогів. Вже понад рік пандемія коронавірусу має колосальний вплив на навчальний процес. Перехід в «онлайн» став справжнім випробуванням для вчителів, школярів, а також батьків. Особливо останнім часом, адже через повідомлення про замінування шкіл у Черкасах, з 17 січня навчання  . Чимало проблем виникає зі сприйняттям інформації. Дітям важко зосередитися на екрані ноутбука, педагогам – утримати їхню увагу, а батькам часто доводиться самим ставати вчителем і пояснювати своїй дитині кілька разів матеріал. Звикнути до нових реалій непросто, але організувати ефективне навчання під час карантину – реально. Як зробити процес дистанційного навчання максимально ефективним для всіх його учасників? Розберемо кілька лайфхаків від досвідчених викладачів та репетиторів.   Суха та монотонна лекція не буде викликати інтерес, уроки треба розмежовувати, щоб дитина не засинала під час них. Звичайним базовим текстом у підручнику дітей зацікавити також складно. Нудну тему можна подати цікаво, показавши навчальні відео, малюнки, придумати навчальні ігри які привернуть увагу та зацікавлять дітей. Різні види завдань можна поділити на усну, письмову, колективну і самостійну частину, а найголовніше – самому бути зацікавленим у цьому. Наразі існує чимало способів для групового навчання, багато вчителів радять використовувати Google Meet. Сервіс простий у використанні. Можна скласти розклад наперед та закріпити єдине посилання до основних предметів. Учні знатимуть: ваші уроки доступні за цим лінком і не потрібно шукати щоразу новий. Ігри можуть багато чого – швидко розворушити і відновити ресурси, якщо діти втомилися, або, навпаки, заспокоїти. Ігри можуть також «включити» у дітей увагу та зосередженість. «Навчальні ігри, завдання на логіку для маленьких дітей – невід’ємна частина уроку, оскільки так вони розуміють, що навчання  це не нудна рутина. Вони стають зосередженими на завданні, тому що хочуть “подолати” його. Із старшими це важче, адже їх не зацікавити мультфільмом про науку, але я намагаюся знайти альтернативу та підготувати щось цікаве також і для них», –  поділилася  . Дитина сама захоче заходити на онлайн-заняття, оскільки воно для неї стане не уроком у школі, а “місцем”, де можна цікаво провести час, не боятися щось перепитати. Якщо ж підхід до дитини ви не знайшли, то тут навіть батьки не допоможуть. Дитина будь-яким способом буде уникати занять. «Також увага залежить від психологічного та фізичного стану учнів, треба завжди мати запасний план уроку та різні види вправ, або ж змінити тему уроку якщо психологічно діти не готові сприймати новий матеріал», – радить  , перекладач польської мови та колишня директорка школи іноземних мов «Hi School».   У початкових класах батькам важливо створити максимально доброзичливе поле довкола уроків. Дитина має право тестувати свої здібності, помилятися, не робити домашнє завдання — і дивитися, що з цього виходить. Допоможуть довірчі стосунки з батьками, які підтримають та допоможуть, яку б оцінку учень не приніс. Буває таке, що дитина могла відволіктись на уроці та пропустити якусь інформацію, спробуйте їй допомогти зрозуміти. Допомагайте вивчити правило, вірш, знайдіть в Інтернеті відео за темою, або просто подаруйте цікаву книжку. Мотивуйте не тим, що турбує вас, а тим, що близьке до дитини. В одного це конформістський настрій: не виявитися єдиним, хто не зробив уроків. В іншого розвинений дух змагання: зробити краще чи оригінальніше за інших. Пофантазуйте разом про «момент слави», якого варто прагнути. Якщо дитина боїться стресу, переконайте його, що домашня робота як репетиція контрольної, тільки мама поруч. Потренуєшся — і буде легко. Якщо учень має сильні пізнавальні інтереси, важливо додати до уроків щось цікаве. Так, доведеться попотіти, розшукуючи додаткову інформацію. Але це не складніше, ніж воювати, заганяючи дитину за зошити. Якщо є дослідницький настрій, то школяру хочеться отримати особистий досвід. Його турбуватиме, як застосувати ці знання у житті, навіщо вони. Покажіть або знайдіть відео на потрібну тему. Ще краще – запропонуйте самому пошукати його та обговорити з вами. Дитина не може всидіти весь день перед екраном і поглинати інформацію, обов’язково треба пройтися, подихати свіжим повітрям, щоб не перевтомлюватися. «В умовах дистанційного навчання, завжди існують дуже багато відволікаючих факторів. На практиці, я розумію, коли дитина починає втрачати інтерес до заняття, тому потрібно робити перериви між лекцією. Я ділюсь своїми історіями із життя, як правило захоплюю людину, яка мене слухає, іноді достаю музичний інструмент, що однозначно приковує увагу. Дуже часто застосовую жартівливу форму, щоб урок не здавався занадто нудним. Після цих всіх маніпуляцій через камеру, діти, як показує практика, чекають уроку знову», –  «Шпаргалки» насправді потрібні для того, щоб вони були завжди перед учнем та допомагав вивчити якусь складну інформацію. Але не радимо сподіватись на «шпаргалки» і списувати з них на контрольних. «Я завжди кажу, що ви вчите мову для себе, а не для результатів тесту. Навіть якщо учень списує і знає де саме знайти відповідь, якщо він написав ці шпаргалки і витратив на це час, я абсолютно не проти. Я все дізнаюсь під час говоріння, адже його – не спишеш» – поділилася  . Треба чітко окреслити чому важливо вивчати кожен предмет у школі. Якщо наявна мотивація – проблем під час навчання не виникне, а завдання вчителя – періодично нагадувати про неї. Богдан Черненко, викладач онлайн-школи SkyEng, прокоментував цей лайфхак так: «Увага тримається завдякі атмосфері, матеріалу, обговорення. У мене немає чіткого розподілу на «дитячий або дорослий» підхід, бо кожен з учнів вже розуміє, що і навіщо вчить». Як повідомляв сайт vikka.ua,;діти#освіта#вчителі#дистанційне навчання#лайфхаки;https://www.vikka.ua/novini/yak-buti-efektivnim-na-distancijnomu-navchanni-lajfxaki-vid-cherkaskix-ekspertiv/
Поліція стріляла по колесах: у Корсуні-Шевченківському затримали наркобанду;До складу групи входило четверо чоловіків віком від 33 до 36 років. Наркотичні засоби вони збували на території Черкаської області. Фігурантів затримали у процесуальному порядку. Їм повідомлено про підозру. Про це повідомляє   в Черкаській області.  У Черкаській області поліція отримала інформацію про те, що жителі Корсунь-Шевченківського виготовляють і збувають наркотики та психотропні речовини. Тоді правоохоронці відкрили кримінальне провадження й почали збирати доказову базу. Поліцейські встановили організатора та учасників групи. 17 січня під спільними зусиллями оперативників, слідчих та за силової підтримки бійців батальйону поліції особливого призначення наркоторговців затримали. За процесуального керівництва прокуратури Черкаської області правопорушникам вручили підозри. Трьох фігурантів затримали у порядку ст. 208 Кримінального процесуального кодексу України. Під час затримання підозрювані спробували здійснити наїзд машиною на працівників поліції. Щоб зупинити транспортний засіб і не дати змоги правопорушникам втекти, спецпризначенці застосували табельну вогнепальну зброю й пошкодили колеса BMW. Автомобіль вилучили й помістили на арештмайданчик, як речовий доказ. Також проведено санкціоновані обшуки за місцем мешкання та в автомобілях учасників злочинної групи. Вилучено пакетики та згортки з канабісом та амфетаміном. Крім того, виявлено скляні колби, пляшки та каністри з прозорою рідиною хімічного складу, фасувальні пакетики, електронні ваги, пристрої для вживання наркотиків, банківські картки, мобільні телефони, блокноти з записами та грошові кошти. Речові докази вилучені та направлені на експертні дослідження. За даним фактом відкрито кримінальне провадження за ч. 2 ст. 307 (Незаконне виробництво, виготовлення, придбання, зберігання, перевезення, пересилання чи збут наркотичних засобів, психотропних речовин або їх аналогів) Кримінального кодексу України. Підозрюваним загрожує до 10 років позбавлення волі з конфіскацією майна. Як повідомляла раніше vikka.ua,  , сторінка у  , акаунт в  ми в  .;наркоторгівля#поліція#наркотики#Корсунь-Шевченківський#Новини Черкащина;https://www.vikka.ua/novini/policiya-strilyala-po-kolesax-u-korsun-shevchenkivskomu-zatrimali-narkobandu/
На Черкащині провели профілактичні бесіди з дітьми;Співробітники Черкаського та Звенигородського районних управлінь провели профілактичні бесіди з дітьми в Тальнівській ЗОШ І-ІІІ ступенів та у закладі дошкільної освіти №17 “Пролісок” у місті Сміла 19 cічня. Про це повідомляє   Управління ДСНС України у Черкаській області. Під час заходу рятувальники ознайомили присутніх із основними вимогами правил безпеки життєдіяльності, зокрема, поводження з відкритим вогнем, користування побутовими нагрівальними та електричними приладами. Крім того, малеча дізналась правила безпечної поведінки біля водойм та на кризі. Особливу увагу співробітники Служби порятунку звернули на правила безпеки під час виявлення вибухонебезпечних та підозрілих предметів. Як повідомляла vikka.ua, ;рятувальники#новини Черкас#черкаські новини#новости Черкассы#профілактичні бесіди#безпека життєдіяльності#правила поведінки біля водойм;https://www.vikka.ua/novini/cherkashchina/na-cherkashhini-proveli-profilaktichni-besidi-z-ditmi/
У четвер три черкаські вулиці залишаться без води;"У четвер, 20 січня, на трьох вулицях у Черкасах тимчасово обмежать водопостачання. Про це   пресслужба КП «Черкасиводоканал». Працівники водоканалу виконуватимуть заміну запірної арматури на інженерних мережах. На час проведення робіт підприємство тимчасово обмежить водопостачання  вул. Нарбутівська (між вул. В’ячеслава Чорновола та вул. Новопречистенською); вул. Новопречистенська (між вул. Нарбутівською та вул. Надпільною); пров. Клименківський (між вул. В’ячеслава Чорновола та вул. Новопречистенською). Орієнтовний час проведення робіт – з 9:00 до 15:00. Читайте також:  . , сторінка у  , акаунт в  ми в  .";Черкаси#вода#водопостачання#Черкасиводоканал#водоканал#відключення#20 січня;https://www.vikka.ua/novini/cherkasy/u-chetver-tri-cherkaski-vulici-zalishatsya-bez-vodi/
На Черкащині синоптики прогнозують падіння атмосферного тиску;Наближення нового циклону з боку Скандинавії обіцяє завтра на Черкащині інтенсивне падіння атмосферного тиску на 10 одиниць. Про це   Черкаський Обласний Гідрометцентр. Також на Черкащині вітер зміниться на на південно-західний, очікується короткочасне потепління: після нічних 4-9º морозу, вдень прогнозується до 1-3º тепла. Атмосферний фронт з переважно невеликими опадами підійде до нашого регіону пізніше, у п’ятницю. З його проходженням, як  і належить, посилиться вітер, а у вихідні знову підморозить. Як повідомляла vikka.ua,  , сторінка у  , акаунт в  ми в  .;прогноз погоди#черкаські новини#новини черкаси#новости Черкассы#синоптик погода#Погода Черкас#Погода Черкащина;https://www.vikka.ua/novini/na-cherkashhini-sinoptiki-prognozuyut-padinnya-atmosfernogo-tisku/
В Україні спростили процедуру вакцинації для підлітків;"Тепер підлітки зможуть вакцинуватися від коронавірусу без обов’язкової довідки про наявність рутинних щеплень. Про це повідомляють на  .  Міністерство скасувало вимогу про обов’язкову наявність усіх рутинних щеплень для вакцинації дітей від 12 років проти COVID-19.  . Відтепер для того, щоб вакцинувати дитину 12–17 років від коронавірусу, батькам достатньо просто записати її до будь-якого пункту чи центру щеплення. Із собою треба мати свідоцтво про народження (для дітей 12–13 років) або паспорт та ідентифікаційний код (для дітей 14–17 років) для того, щоб дані про вакцинацію внесли в електронну систему охорони здоров’я. Дітям 12–13 років для щеплення необхідна згода одного з батьків або опікуна. Для вакцинованих від COVID-19 також є можливість генерації дитячого COVID-сертифікату. При цьому в МОЗ зазначають, що вчасне проведення обов’язкових рутинних щеплень дітям до 12 років залишається важливим, адже захищає дитину від 10 небезпечних інфекційних хвороб: від гепатиту В (три дози, завершений курс вакцинації); туберкульозу (1 доза, завершений курс); кору, паротиту, краснухи (2 дози, завершений курс); дифтерії, правця (5 доз); кашлюка (4 дози, завершений курс); поліомієліту (5 доз); хіб-інфекція (3 дози, завершений курс). У 14 років потрібно завершити курс вакцинації від поліомієліту (6 доза), а у 16 – зробити щеплення від дифтерії та правця, яке буде потрібно повторювати кожні 10 років. Адреси та контакти центрів та пунктів можна знайти на спеціальному порталі з питань вакцинації vaccination.covid19.gov.ua/list або за тел. 0 800 60 20 19. Читайте також:  . , сторінка у  , акаунт в  ми в  .";діти#щеплення#вакцинація#підлітки#коронавірус#covid-19#Черкаська область;https://www.vikka.ua/novini/zdorovya/v-ukrayini-sprostili-proceduru-vakcinaciyi-dlya-pidlitkiv/
На Черкащині 6-річна дівчинка блукала містом, бо мати міцно спала;Жителька Умані помітила дитину, яка занепокоєна блукала містом, і звернулася до поліції. Про це   в пресслужбі ГУНП в Черкаській області. Це сталося в Умані ввечері 18 січня. Місцева жителька близько 19:00 години помітила в центрі міста 6-річну дівчинку. Дитина була сама, помітно занепокоєна. Уманчанка розпитала малу, що в неї сталося та де батьки. З’ясувалося, що дівчинка гралася на вулиці, поки мама відпочивала випивала в компанії друзів. Щойно стемніло дитина хотіла потрапити до будинку, однак двері були замкнені і зсередини ніхто не відчиняв. Мати спала й не чула, як стукали. Дівчинку поліцейські відвезли до спеціалізованого закладу. Жінка, яка помітила дитину, викликала поліцію. Правоохоронці намагалися достукатися до матері, та вона їх не чула, бо міцно спала. Працівники ювенальної превенції разом із поліцейські реагування патрульної поліції доправили дівчинку до Обласного міжрегіонального центру соціально-психологічної реабілітації дітей в Умані. Того ж вечора, близько 21:00 години, на спеціальну лінію звернувся батько дитини та повідомив про її зникнення. Чоловік розказав, що до нього зателефонувала колишня дружина й просила знайти доньку. Раніше родина не перебувала на обліку як така, що опинилася в скрутних обставинах. Тепер сім’єю займатиметься служба у справах дітей Уманської міської ради. Зараз вирішують питання про притягнення матері до адміністративної відповідальності за невиконання нею обов’язків щодо виховання дітей. Жінка має ще одну доньку – 17 років, яка проживає з бабусею. Читайте також:  . , сторінка у  , акаунт в  ми в  .;поліція#Умань#дитина;https://www.vikka.ua/novini/na-cherkashhini-6-richna-divchinka-blukala-mistom-bo-mati-micno-spala/
Водохреще 2022: головні традиції та заборони великого свята;Щороку 19 січня православні в Україні та інших країнах відзначають   2022 року воно випадає на середу. Про це йдеться на   OBOZREVATEL. Це велике християнське свято присвячене   та зішесті на Нього Святого Духа. Хрещення Господнє відзначається ще з апостольських часів. Цього дня християни згадують, як Спаситель, Якому на той момент було 30 років, прийшов до пророка Іоанна Предтечі для хрещення в річці Йордан. Іоанн вважав, що не гідний хрестити Христа, але Ісус відповів, що така Божа воля. Під час Таїнства хрещення на Спасителя зійшов Святий Дух у вигляді голуба, а голос з неба повідав, що Ісус Христос – Син Божий. Своїм хрещенням Спаситель показав, що перед Богом усі рівні, навіть Він сам. Напередодні свята, 18 січня, відзначається Хрещенський святвечір – день суворого посту. У саме Хрещення віряни відвідують церковну службу. Вважається, що в свято вода набуває лікувальної сили. Її освячують у церкві чи набирають у річці, а потім нею вмиваються. Один з найпопулярніших обрядів в Україні – хрещенські купання. У водоймах вирубують хрест, освячують і занурюються в утворену ополонку. Дехто вважає, що таким чином можна змити з себе гріхи і що від такого купання неможливо захворіти. Примітно, що багато служителів церкви називають цю традицію язичницькою, оскільки Біблія не згадує про купання на Хрещення. Крім того, в інших християнських країнах немає такого звичаю. На Водохреще не можна працювати по дому, займатися фізичною працею, конфліктувати, злословити, набирати святу воду з негативними думками, розпивати алкогольні напої та їсти перед зануренням в ополонку. Крім того, категорично не можна ворожити – церква будь-яку магію вважає за великий гріх. Жінкам не можна занурюватися в ополонку в спідній білизні або в купальнику – слід вдягти закриту сорочку, бажано нову. У свято Водохреща церква не звершує вінчання. Як повідомляла vikka.ua, ;Водохреще#пірнання на Водохреще#традиції Водохреще;https://www.vikka.ua/novini/vodoxreshhe-2022-golovni-tradiciyi-ta-zaboroni-velikogo-svyata/
Черкаські депутати планують підтримати петицію щодо незабудови Замкового узвозу;Депутати Черкаської міської ради узгодили порядок денний сесії, що  . Говорили, зокрема, й про Замковий узвіз. Про це   на сайті ЧМР. На узгоджувальній раді були присутні секретар Черкаської міськради Юрій Тренкін та керівники депутатських фракцій. Депутати остаточно визначилися із порядком денним майбутнього засідання. Зокрема, ішлося про те, щоб підтримати в повному обсязі   щодо зупинення забудови Замкового узвозу й розглянути проєкт рішення з цього питання. Черкаський    , що проєкт рішення неоднозначний, і закликав черкасців прийти на завтрашню сесію.   , сторінка у  , акаунт в  ми в  .;Черкаси#забудова#депутати#Замковий узвіз;https://www.vikka.ua/novini/cherkaski-deputati-planuyut-pidtrimati-peticiyu-shhodo-nezabudovi-zamkovogo-uzvozu/
В Умані чоловікові стало зле після занурення в ополонку;В Умані рятувальники допомогли чоловіку, якому стало зле після пірнання на Водохреща. Про це   пресслужба ГУ ДСНС у Черкаській області. Це сталося у дендропарку «Софіївка», чоловіку стало зле після купання в ополонці. Особовий склад рятувального поста, що забезпечував безпеку біля водойми, одразу викликав «швидку». Рятувальники були поряд із потерпілим до прибуття медиків. Чоловіка госпіталізували. Читайте також:  . , сторінка у  , акаунт в  ми в  .;рятувальники#вода#Водохреща#Умань#ополонка#пірнання#опомога#занурення;https://www.vikka.ua/novini/cherkashchina/v-umani-ryatuvali-cholovika-yakomu-stalo-zle-pislya-zanurennya-v-opolonku/
Кількість черкащан зменшилась на понад 14 600 осіб;Кількість черкащан в області станом на 1 грудня 2021 р., за оцінкою, становила 1 162,4 тис. осіб, із них міського населення – 666,3 тис. осіб та сільського – 496,1 тис. осіб. Про це   Головне управління статистики у Черкаській області. За рахунок природного скорочення, яке відбулось унаслідок перевищення в 3,3 раза кількості померлих над народженими, чисельність населення області зменшилася на 14 604 особи. За рахунок міграційного руху чисельність населення області зменшилася на 1 223 особи. Як повідомляла vikka.ua, ;черкаські новини#новини черкаси#новости Черкассы#природне скорочення населення#населення черкас;https://www.vikka.ua/novini/kilkist-cherkashhan-zmenshilas-na-ponad-14-600-osib/
Триває набір дівчат до баскетбольної школи «Черкаських Мавп»;Баскетбольна школа Михайла Бродського оголошує набір до своїх лав. Клуб приймає дівчат 2011-2012-го років народження, яка сформує команду Венето-Черкаси-2011. Про це повідомляє пресслужба БК «Черкаські Мавпи». Вже наступного сезону команда Венето-Черкаси-2011 зможе брати участь у Всеукраїнській юнацькій баскетбольній лізі України. Тренер команди –   Тренувальний процес буде проходити на базі Гімназії №9. За детальною інформацією – звертайтеся до тренера за телефоном  Приєднуйтеся до родини Черкаських Мавп! Як повідомляла раніше vikka.ua, ;новини#Баскетбол#Черкаські Мавпи;https://www.vikka.ua/novini/trivaye-nabir-divchat-do-basketbolnoyi-shkoli-cherkaskix-mavp/
Черкаси втрачають історичне обличчя (ВІДЕО);Нові висотки замість старих будівель з історією. Черкаси поступово втрачають свій архітектурний колорит та індивідуальність, нарікають краєзнавці.Громадянська та Друга світова війна, хаотична забудова часів Незалежності знищили чимало архітектурних перлин кінця 19 початку 20 століття. Процес знищення історичної спадщини триває і нині. Чи можна це спинити Олександр Іващенко розбирався.  ;архітектура#краєзнавці#історичне обличчя;https://www.vikka.ua/novini-na-vikka/cherkasi-vtrachayut-istorichne-oblichchya-video/
На черкаському перехресті зіткнулися автомобілі, є постраждалі;Автомобільна аварія сталася сьогодні в Черкасах близько 13-ї години. Є постраждалі. Про це повідомляє речниця   Ірина Назарок. На перехресті вулиць Благовісна та Новопречистенська не розминулися автомобілі ВАЗ та Mazda. Від зіткнення ВАЗ відкинуло в електроопору.  1-ї державної пожежно-рятувальної частини здійснили деблокування потерпілих та передали працівникам швидкої медичної допомоги. На місці події працювали дві бригади екстренки. Медики надавали допомогу двом 29-річним чоловікам з авто ВАЗ. У пасажира попередньо діагностували закриту черепно-мозкову травму та струс головного мозку. У водія попередньо виявили закриту черепно-мозкову травму, струс головного мозку та, ймовірно, перелом кісток тазу. Обох пацієнтів доправили до Третьої черкаської міської лікарні. В автомобілі Mazda ніхто не постраждав. Як повідомляють  , патрульні забезпечують охорону місця пригоди. Слідчі з’ясовують повні обставини.  Рух на перехресті дещо ускладнено. Як повідомляла раніше vikka.ua,  , сторінка у  , акаунт в  ми в  .;ДТП#аварія#новини черкаси#Новопречистенська#Сєдова;https://www.vikka.ua/novini/na-cherkaskomu-perexresti-zitknulisya-avtomobili-ye-postrazhdali/
У Черкасах вдруге повідомили про замінування коледжу;Знову надійшло повідомлення про замінування Черкаського художньо-технічного коледжу.   Тоді після перевірки вибухівку, як і раніше, не знайшли. Близько 9:25 директор ЧХТК повідомив, що на сайт навчального закладу надійшло повідомлення про замінування коледжу і двох гуртожитків поряд. Як повідомила речниця ГУНП в Черкаській області Зоя Вовк, у навчальному закладі триває перевірка, людей евакуйовують. Як повідомляв сайт vikka.ua,  .;Черкаси#студенти#поліція#замінування#коледж#ЧХТК;https://www.vikka.ua/novini/cherkasy/u-cherkasax-vdruge-povidomili-pro-zaminuvannya-koledzhu/
ВІККА – Новини (19.01.2022) (ВІДЕО);Повний випуск ВІККА – Новин в якому ми розкажемо вам про бездюдне водохреще, пильних помічників поліції, руйнацію історичного обличчя Черкас та багато іншого.  ;ВІККА#новини#випуск;https://www.vikka.ua/novini-na-vikka/vikka-novini-19-01-2022-video/
У Черкасах передумали скорочувати «центри депутатських впливів»;Міська влада Черкас не скорочуватиме кількість комітетів самоорганізації населення.  Мерія Черкас ще в літку заявляла, що планує скоротити кількість Комітетів самоорганізації населення. Нині їх нараховується 19. У кожному з них є голова, секретар. Ці керівники отримують зарплату із міського бюджету. Комунальні послуги в приміщеннях, де знаходяться КСНи, також оплачуються із міської скарбниці. Утримання КСНів обходиться міському бюджету у майже 5 млн грн. на рік. Влітку активно розглядалося питання зі зменшення кількості КСНів з 19 до 12. Проте у проекті рішення міської ради зазначено, що «мережа діючих комітетів самоорганізації відповідає реальним потребам жителів міста Черкаси та користується попитом». Як повідомляв сайт vikka.ua,  , сторінка у  , акаунт в  ми в  .;Черкаси#бюджет#КСН#секретар#новини Черкас#Новости Черкасс#Голова КСН;https://www.vikka.ua/novini/u-cherkasax-peredumali-skorochuvati-centri-deputatskix-vpliviv/
Ковід-сертифікат тепер буде дійсним лише 9 місяців;Уряд скоротив термін дії «зелених» COVID-сертифікатів про вакцинацію з 365 до 270 днів. Такі зміни внесли 19 січня до   Кабміну №677 від 29 червня 2021 р. Новий термін дії цифрового сертифіката змінюється для усіх трьох типів документа: внутрішнього, іноземного та міжнародного. Їхня чинність становитиме 9 місяців і рахуватиметься від моменту отримання людиною другої дози щеплення. Окрім того, цією постановою Уряд затвердив клінічні підстави для формування сертифіката на підставі отримання бустерної дози вакцини від COVID-19. Зокрема, цифровий документ можна буде сформувати після отримання вакцини, що відповідає затвердженим схемам введення бустерної дози. При цьому, важливо дотримуватись рекомендованого періоду введення бустеру – він має найвищу ефективність у період введення від 180 до 270 днів після отримання основного щеплення. Якщо ж ви пропустили введення бустеру у вказані терміни – треба намагатися зробити його якомога швидше для коректної генерації сертифіката. Можливість сформувати COVID-сертифікат для щеплених бустерною дозою від коронавірусної хвороби з’явиться у застосунку Дія наприкінці січня. У МОЗ нагадують, що для бустерної дози перевагу надаватимуть м-РНК-вакцинам – Moderna або Comirnaty від Pfizer-BioNTech, незалежно від того, якою вакциною раніше була щеплена людина. Тим, хто отримав перші два щеплення вакциною CoronaVac від Sinovac Biotech, рекомендовано вводити бустерну дозу вакциною Pfizer. За відсутності мРНК-вакцин бустерну дозу можна зробити іншою вакциною згідно з дозволеними в Україні схемами. Читайте також:  . , сторінка у  , акаунт в  ми в  .;щеплення#вакцинація#коронавірус#вакцина#ковід#сертифікат#Черкаська область;https://www.vikka.ua/novini/zdorovya/kovid-sertifikat-teper-bude-dijsnim-lishe-9-misyaciv/
Довгоочікуваний статус: Холодний Яр став Національним природним парком (ВІДЕО);На Черкащині з’явиться свій Національний природний парк. Один з півсотні подібних на Україні, але єдиний в нашій області. Указ про зміну статусу Холодного Яру президент підписав на початку цього року. З нього розпочнуть тривалий організаційний процес. Що зміниться від того – Марія Гаврилян розповість.  ;парк#Холодний Яр;https://www.vikka.ua/novini-na-vikka/dovgoochikuvanij-status-xolodnij-yar-stav-nacionalnim-prirodnim-parkom-video/
Водохреще 2022: у крижану купіль в Черкасах пірнали справжні фанати (ВІДЕО);Не велилюдне і слабо організоване. Таким було цьогорічне Водохреще на деяких традиційних локаціях. Крижану купіль приймали справжні фанати. Принаймні наша Марія Гаврилян не зустріла жодного новачка біля ополонки.  ;Водохреще#моржування;https://www.vikka.ua/novini-na-vikka/vodoxreshhe-2022-u-krizhanu-kupil-v-cherkasax-pirnali-spravzhni-fanati-video/
Як на Водохреща черкасці пірнали у воду? (ФОТОРЕПОРТАЖ);На Водохреща, 19 січня, черкасці зібралися біля Дніпра, щоб пірнути в ополонку. Журналісти сайту vikka.ua побували на одному з пляжів, де для містян спеціально облаштували місце для занурення й освятили дніпровську воду. На «Рів’єрі» за безпекою жителів Черкас стежили рятувальники та група правоохоронців. Для моржувальників облаштували намети, де можна переодягтися й зігрітися. Поряд на вогнищі зварили «польову» кашу, а прикордонники пригощали черкасців чаєм. Місця для пірнання в Черкасах облаштували також на пляжах «Живчик», біля «Бочки» і на «Річковому порту». Як повідомляли в ДСНС, загалом на Водохреща в Черкаській області організували 55 рятувальних постів із засобами порятунку людей на воді. Там чергують 146 рятувальників та водолазів, крім того, залучено 16 одиниць рятувальної техніки.  ;Черкаси#Водохреща#ополонка#пляж#фото#19 січня#занурювання#пірнання#Рів'єра;https://www.vikka.ua/novini/cherkasy/yak-na-vodoxreshha-cherkasci-pirnali-u-vodu-fotoreportazh/
«Дорогі» і «дешеві» голови громад Черкаського району (РЕЙТИНГ);Сайт vikka.ua склав рейтинг «дорогих» і «дешевих» (як для місцевих бюджетів, так і для жителів) голів територіальних громад Черкаського району. Чимало голів не відповіли на наші інформаційні запити про їхні заробітки. Тому цифри ми дізнавалися із інших офіційних джерел. Така поведінка голів не дивна, адже більшість з них опинилася в лідерах зарплатного рейтингу. Механізм нарахування заробітних плат для голів територіальних громад однаковий для всіх: оклад, надбавка за вислугу років, премія за  надмірну роботу, просто премія. Окреме питання в окладах. Він різний. У залежності від того, яка кількість населення у територіальній громаді. Якщо населення більше 15 тис, то і оклад значно вищий. Також на остаточну суму зарплати впливає рівень премії, яку встановлюють для свого голови і його заступників депутати місцевих сільських рад. Якщо керівник громади у хороших стосунках із радою, то і премії йому можуть бути високі. Якщо ж ні, то премії корегуються від 0 до 50%. Як бачимо, найбільша заробітна плата   Але справедливості заради зазначимо, що він є мером райцентру із населенням понад 60 тис. осіб. Далі за списком йдуть ті голови, які з невідомих причин проігнорували наші запити про надання інформації. Зарплати у них високі, проте за кількістю населення їхні громади одні із найменших. У порівнянні, скажімо,   то голови сіл Черкаського району виглядають «по-багатому».  Лідерами за кількістю населення є колишні райцентри: Сміла, Городище, Канів. Це і зрозуміло. А лідерами за кількістю населених пунктів, які входять до складу громади,   Голова Чигиринська ТГ, яка охоплює 25 населених пунктів, має зарплату 41 тис. У той же час голова Степанецької ТГ, в яку входить 21 село, торік щомісяця  в  Напрочуд дивним виглядає зарплата   Маючи по 3 села у складі громади,   відповідно. Вони є одними із лідерами зарплатного рейтингу. У скільки обходиться оплата роботи голови ТГ кожному жителю цієї ж громади? Для того, щоб вирахувати цю цифру, ми взяли кількість населення і поділили на середню місячну заробітну плату керівника. Таким чином ми з’ясували, скільки коштує утримання кожному жителю громади свого голови на місяць. Таким чином, із 23 громад, представлених у рейтингу, ми сформували рейтинг «найдорожчих» та «найдешевших». Зрозуміло, що за рахунок великої кількості населення голови колишніх райцентрів будуть «найдешевшими». Тому ми взяли за основу громади, які мають статус сіл та селищ і сформували інший рейтинг ТОП-найдешевших голів громад. Для порівняння наведемо деякі інші цифри: Середня заробітна плата по Черкаському району 12 435 грн , сторінка у  , акаунт в  ми в  .;Сміла#Канів#Чигирин#Черкаський район#новини Черкас#новини Черкащини#новини Канів#голови ТГ#Червона Слободжа;https://www.vikka.ua/novini/dorogi-i-deshevi-golovi-gromad-cherkaskogo-rajonu-rejting/
У Черкасах інженера підозрюють у розтрачанні грошей на будівництві ДЮСШ;Інженера технагляду підозрюють у службовій недбалості під час використання бюджетних коштів, що були виділені на реконструкцію та добудову закладу черкаської ДЮСШ. Про це   пресслужба Черкаської окружної прокуратури. За даними слідства, інженер протягом 2018–2019 років неналежно виконував покладені на нього службові обов’язки, здійснюючи технагляд за виконанням будівельних робіт під час реконструкції та добудови спеціалізованої дитячо-юнацької спортивної школи в Черкасах. Як наслідок недогляду – відхилення від проектної документації та застосування матеріалів, що не передбачені проєктом. Згідно з проведеними експертизами, це призвело до неможливості подальшої добудови та використання спортзалів за цільовим призначенням без виконання робіт з цілковитого демонтажу деяких несучих конструкцій або без внесення змін до проектної документації в частині підсилення існуючих несучих конструкцій. Неналежно виконані роботи повністю оплатили з бюджету, тож недбалість інженера спричинила тяжкі наслідки охоронюваним законом державним інтересам на загальну суму більш ніж 1,8 млн грн. Чоловікові повідомили про підозру за фактом вчинення службової недбалості, що завдало тяжких наслідків охоронюваним законом державним інтересам (ч. 2 ст. 367 КК України). Читайте також:  .;прокуратура#розкрадання бюджету#ДЮСШ#інженер;https://www.vikka.ua/novini/crime/u-cherkasax-inzhenera-pidozryuyut-u-roztrachanni-groshej-na-budivnictvi-dyussh/
